{
  "project_info": {
    "project_number": "506317329109",
    "firebase_url": "https://celi-tracker.firebaseio.com",
    "project_id": "celi-tracker",
    "storage_bucket": "celi-tracker.appspot.com"
  },
  "client": [
    {
      "client_info": {
        "mobilesdk_app_id": "1:506317329109:android:4741fcfe0de9c47d10085c",
        "android_client_info": {
          "package_name": "com.opw.symptomtracker"
        }
      },
      "oauth_client": [
        {
          "client_id": "506317329109-llphv1vduq3v582h6po8degp9delj295.apps.googleusercontent.com",
          "client_type": 3
        }
      ],
      "api_key": [
        {
          "current_key": "AIzaSyD9lHGoboDx91TsXmoPkLvI3xNKy0rtE5k"
        }
      ],
      "services": {
        "appinvite_service": {
          "other_platform_oauth_client": [
            {
              "client_id": "506317329109-llphv1vduq3v582h6po8degp9delj295.apps.googleusercontent.com",
              "client_type": 3
            }
          ]
        }
      }
    }
  ],
  "configuration_version": "1"
}